,localpressurecumulative,sunhourscumulative,avghumidcumulative,avgtempmean,maxtempmcummulative,mintempmean
1908,83759.1,462.59999999999997,4299,15.535890410958908,952.3999999999999,11.737260273972604
3734,83892.59999999993,499.09999999999997,4198,15.09150684931507,844.2000000000003,11.560273972602737
8848,84075.60000000002,410.7,4842,15.6958904109589,784.8,12.367945205479447
12135,83824.30000000003,472.9,4344,16.926575342465757,834.4,13.575342465753419
17248,84021.79999999997,527.0,3731,16.451912568306017,905.4000000000002,13.323497267759569
